DATE,WELLNAME,BHP,WHP,CHOKE_1_PERC,CHOKE_2_PERC,OIL_PROD,GAS_PROD,WAT_PROD,WAT_INJ,WELL_TYPE,BHP_CHANGE_RATE,WHP_Change_Rate,NORM_CHOKE_1,NORM_CHOKE_2,CHOKE_INTERACTION,CUMULATIVE_BHP_CHANGE,CUMULATIVE_WHP_CHANGE,INJ_VOLUME_LAG_542D,INJ_VOLUME_LAG_522D,INJ_RATE_CHANGE,INJ_RATE_CHANGE_LAG_542D,INJ_RATE_CHANGE_LAG_522D,CUMULATIVE_INJ_VOL,INJ_MONTH
2012-01-01,5351,242.1836489583333,38.825687083333335,81.16999041666666,8.73492375,1899.2326748423936,1,3896.0584999999987,1.0,OP,0.0,0.0,0.8116999041666666,0.06947998016522142,0.05639689324161212,0.0,0.0,0.0,0.0,0.0,0.0,0.0,0.0,2
2012-01-02,5351,242.730415436845,39.34141883766312,81.06059770833333,9.231513363709256,1931.2462275415364,1,3936.1272999999983,1.0,OP,0.0,0.0,0.8106059770833334,0.07342999020518017,0.059522788957489664,0.0,0.0,0.0,0.0,0.0,0.0,0.0,0.0,2
2012-01-14,5351,287.8045599414528,96.51117094942148,3.972590625,42.8913640003087,53.825699999999976,1,603.2526499999999,1.0,OP,0.0,0.0,0.03972590625,0.34116967764037326,0.013553274629284188,0.0,0.0,0.0,0.0,0.0,0.0,0.0,0.0,2
2012-01-15,5351,238.78951541666663,40.257316875,78.93041916666667,10.534374583333332,2094.6998891946864,1,3487.8889499999987,1.0,OP,0.0,0.0,0.7893041916666667,0.08379330582055883,0.06613840751777397,0.0,0.0,0.0,0.0,0.0,0.0,0.0,0.0,2
2012-01-16,5351,238.7634875,39.47225916666667,79.51621083333333,9.829690416666669,2034.3216549250656,1,3709.177499999997,1.0,OP,0.0,0.0,0.7951621083333333,0.07818805461012378,0.06217217835026782,0.0,0.0,0.0,0.0,0.0,0.0,0.0,0.0,2
2012-01-17,5351,239.45400291666667,38.98585083333333,83.05313291666667,9.365662916666668,2031.4865539002205,1,3704.4893999999977,1.0,OP,0.0,0.0,0.8305313291666667,0.07449705255688693,0.061872136079070335,0.0,0.0,0.0,0.0,0.0,0.0,0.0,0.0,2
2012-01-18,5351,239.2776927083333,38.98205125,85.40607333333334,9.332070416666667,2031.4865539002205,1,3561.040149999999,1.0,OP,0.0,0.0,0.8540607333333334,0.07422984859489468,0.06339679892617806,0.0,0.0,0.0,0.0,0.0,0.0,0.0,0.0,2
2012-01-19,5351,238.96410291666663,39.19849979166667,84.41719375,9.520952291666667,2060.716933311985,1,3473.1964499999985,1.0,OP,0.0,0.0,0.8441719375,0.07573226685339061,0.06393105444089378,0.0,0.0,0.0,0.0,0.0,0.0,0.0,0.0,2
2012-01-20,5351,239.156548125,39.32275729166667,79.359375,9.663046041666666,2023.2496417573636,1,3735.5143999999977,1.0,OP,0.0,0.0,0.79359375,0.07686251952807502,0.06099761510673328,0.0,0.0,0.0,0.0,0.0,0.0,0.0,0.0,2
2012-01-21,5351,240.26988537001895,39.94376941176471,42.44166791666667,10.389485351043644,847.831465238095,1,2283.2295,1.0,OP,0.0,0.0,0.42441667916666664,0.08264081711272761,0.03507414116260369,0.0,0.0,0.0,0.0,0.0,0.0,0.0,0.0,2
2012-01-22,5351,246.62307773771565,43.9469548957016,56.32311416666667,13.74590817105974,1829.846926873182,1,3658.707399999998,1.0,OP,0.0,0.0,0.5632311416666667,0.1093387251466489,0.061582974992724936,0.0,0.0,0.0,0.0,0.0,0.0,0.0,0.0,2
2012-01-23,5351,239.85333229166667,38.982659375,81.91284,9.352816458333333,2022.1815155668876,1,3801.4389499999984,1.0,OP,0.0,0.0,0.8191284,0.07439486830253743,0.060938949440868195,0.0,0.0,0.0,0.0,0.0,0.0,0.0,0.0,2
2012-01-24,5351,240.262708125,38.73108020833333,83.55137875,9.1271625,2018.8682116893367,1,3825.2289999999985,1.0,OP,0.0,0.0,0.8355137874999999,0.072599954803813,0.06065826321046261,0.0,0.0,0.0,0.0,0.0,0.0,0.0,0.0,2
2012-01-25,5351,240.99501657479928,38.5157614982924,62.27923895833333,9.01184146255554,1108.2496942196278,1,3869.589099999998,1.0,OP,0.0,0.0,0.6227923895833333,0.07168265963059824,0.04464341488302901,0.0,0.0,0.0,0.0,0.0,0.0,0.0,0.0,2
2012-01-27,5351,264.58550583333334,49.15356625,48.654611458333335,7.059138125,786.7081036168872,1,2204.255100000001,1.0,OP,0.0,0.0,0.48654611458333336,0.05615032150779316,0.027319720762221736,0.0,0.0,0.0,0.0,0.0,0.0,0.0,0.0,2
2012-01-28,5351,244.86448291666667,42.192096041666666,74.74411333333333,11.527530416666666,1942.766221737563,1,3383.5143499999976,1.0,OP,0.0,0.0,0.7474411333333333,0.09169313981750402,0.06853522434408699,0.0,0.0,0.0,0.0,0.0,0.0,0.0,0.0,2
2012-01-29,5351,257.01228560096143,53.01696910906008,9.947640416666667,18.304632813606275,44.36029999999999,1,521.7994000000002,1.0,OP,0.0,0.0,0.09947640416666667,0.14560007176033163,0.014483771585126419,0.0,0.0,0.0,0.0,0.0,0.0,0.0,0.0,2
2012-01-30,5351,271.5843356637271,81.065595868108,2.4858416666666665,52.063706601591456,1.8784,1,56.77010000000001,1.0,OP,0.0,0.0,0.024858416666666664,0.4141290073661469,0.010294591418860747,0.0,0.0,0.0,0.0,0.0,0.0,0.0,0.0,2
2012-01-31,5351,239.261748125,67.4299825,21.6176025,36.51361708333334,1589.4885408840303,1,217.32215000000005,1.0,OP,0.0,0.0,0.216176025,0.29043932875893624,0.06278601959477502,0.0,0.0,0.0,0.0,0.0,0.0,0.0,0.0,2
2012-02-01,5351,221.2505008333333,48.19804270833333,32.700935,17.134872083333335,987.7214444312167,1,1785.0803999999998,1.0,OP,0.0,0.0,0.32700935000000003,0.136295473956897,0.04456989434658682,0.0,0.0,0.0,0.0,0.0,0.0,0.0,0.0,1
2012-02-02,5351,222.7009552083333,47.36542958333333,32.60709875,16.313402083333333,972.0056716614135,1,1790.2960999999996,1.0,OP,0.0,0.0,0.32607098749999996,0.12976127618484154,0.04231138746485151,0.0,0.0,0.0,0.0,0.0,0.0,0.0,0.0,1
2012-02-03,5351,223.3809183333333,47.138743125,32.58043270833333,16.07707,977.9676621376036,1,1803.2796999999994,1.0,OP,0.0,0.0,0.32580432708333334,0.12788142595004062,0.04166432192811011,0.0,0.0,0.0,0.0,0.0,0.0,0.0,0.0,1
2012-02-04,5351,224.641725,47.021860833333335,32.556922916666664,15.883335416666666,985.1766954709371,1,1803.2796999999994,1.0,OP,0.0,0.0,0.32556922916666664,0.12634040791799228,0.041132549218462974,0.0,0.0,0.0,0.0,0.0,0.0,0.0,0.0,1
2012-02-05,5351,225.06261375,46.715983125,32.487506875,15.55462125,976.7535960769976,1,1797.2466999999995,1.0,OP,0.0,0.0,0.32487506875,0.12372572524488626,0.04019540349507603,0.0,0.0,0.0,0.0,0.0,0.0,0.0,0.0,1
2012-02-06,5351,222.80751875,44.96461645833333,34.12337375,13.85354125,898.3074735769977,1,1840.1189499999998,1.0,OP,0.0,0.0,0.34123373749999997,0.11019486818852615,0.03760220672529063,0.0,0.0,0.0,0.0,0.0,0.0,0.0,0.0,1
2012-02-07,5351,220.1288608333333,42.88591541666667,36.7229175,11.756566666666666,586.2939266666665,1,1770.8431,1.0,OP,0.0,0.0,0.367229175,0.09351495699216644,0.034341420506393765,0.0,0.0,0.0,0.0,0.0,0.0,0.0,0.0,1
2012-02-08,5351,220.21800770833332,42.697417916666666,36.90536333333333,11.621340625,588.0738266666666,1,1770.8431,1.0,OP,0.0,0.0,0.36905363333333324,0.09243933195390307,0.03411507132049402,0.0,0.0,0.0,0.0,0.0,0.0,0.0,0.0,1
2012-02-09,5351,226.54654862518183,45.705682405154,29.47946125,14.18418484092253,627.6421599999999,1,1705.4339499999999,1.0,OP,0.0,0.0,0.2947946125,0.11282489803155198,0.033260172095563374,0.0,0.0,0.0,0.0,0.0,0.0,0.0,0.0,1
2012-02-10,5351,218.8555289583333,41.25139979166666,37.44116666666667,12.279286458333331,704.8673972222219,1,1815.0030500000003,1.0,OP,0.0,0.0,0.3744116666666667,0.09767281363710494,0.03656984094189119,0.0,0.0,0.0,0.0,0.0,0.0,0.0,0.0,1
2012-02-11,5351,219.71477979166667,41.46574291666666,37.313834375,11.5927775,592.4111266666664,1,1770.8431,1.0,OP,0.0,0.0,0.37313834375,0.09221213302060309,0.03440788258896252,0.0,0.0,0.0,0.0,0.0,0.0,0.0,0.0,1
2012-02-12,5351,219.59634916666667,41.2411325,39.04560083333333,10.000784791666666,547.7566144444445,1,1642.3336000000004,1.0,OP,-0.7529099930555542,0.08051484722222213,0.3904560083333333,0.07954898621314788,0.031060379623749086,-22.587299791666624,2.415445416666664,0.0,0.0,0.0,0.0,0.0,0.0,1
2012-02-13,5351,219.19117208333333,40.59505625,40.09003604166666,9.405428958333331,570.7740544444443,1,1704.5407500000003,1.0,OP,-0.7846414451170555,0.04178791374456262,0.40090036041666655,0.07481336256317052,0.02999270401555781,-46.12654314517829,3.6690828290035427,0.0,0.0,0.0,0.0,0.0,0.0,1
2012-02-14,5351,219.09267020833332,40.237889375,40.71410354166667,9.041988541666669,613.3286421699345,1,1743.5694500000009,1.0,OP,-2.290396324437316,-1.875776052480716,0.4071410354166667,0.07192245776949792,0.029282583925984866,-114.83843287829777,-52.60419874541794,0.0,0.0,0.0,0.0,0.0,0.0,1
2012-02-15,5351,219.16030666666663,39.950916041666666,41.23933,8.771643125,585.3830884444442,1,1722.3604000000007,1.0,OP,-0.6543069583333334,-0.010213361111111159,0.4123933,0.06977205614890465,0.028773528483032083,-134.46764162829777,-52.910599578751274,0.0,0.0,0.0,0.0,0.0,0.0,1
2012-02-16,5351,219.16698770833327,39.66169583333333,41.72656645833333,8.488655416666667,565.1001044444442,1,1710.9180000000006,1.0,OP,-0.6532166597222243,0.0063145555555555195,0.4172656645833333,0.06752109427164711,0.02817423427465273,-154.0641414199645,-52.72116291208461,0.0,0.0,0.0,0.0,0.0,0.0,1
2012-02-17,5351,219.38660645833332,39.541920833333336,41.85584416666666,8.351718125,568.8150044444442,1,1713.9856500000005,1.0,OP,-0.6689132152777783,0.018535666666666846,0.41855844166666656,0.06643185748135697,0.027805614744418856,-174.13153787829785,-52.1650929120846,0.0,0.0,0.0,0.0,0.0,0.0,1
2012-02-18,5351,219.285769375,39.28944354166666,42.322405625,8.092140416666666,571.9404044444443,1,1696.8983500000004,1.0,OP,-0.666397444444443,0.010246409722221964,0.42322405625000004,0.06436710516725307,0.027241707337955178,-194.12346121163114,-51.857700620417944,0.0,0.0,0.0,0.0,0.0,0.0,1
2012-02-19,5351,219.12956666666668,39.103283958333336,42.80546270833333,7.904828125,563.7027044444442,1,1666.9029000000012,1.0,OP,-0.6611512083333319,-0.0031738611111111464,0.4280546270833333,0.06287717180524723,0.02691486432914978,-213.9579974616311,-51.95291645375128,0.0,0.0,0.0,0.0,0.0,0.0,1
2012-02-20,5351,218.94967354166667,38.90131,43.09684375,7.689835416666667,582.9800884444442,1,1654.735900000001,1.0,OP,-0.673562486111111,-0.01404824305555555,0.43096843749999997,0.061167060814219146,0.0263610726255715,-234.16487204496443,-52.374363745417945,0.0,0.0,0.0,0.0,0.0,0.0,1
2012-02-21,5351,219.02236666666667,38.847116666666665,43.210822916666665,7.653961666666666,605.4468884444442,1,1671.4628000000012,1.0,OP,-0.7082506234450762,-0.036555091503268265,0.43210822916666664,0.06088171116380552,0.026307488399628483,-255.4123907483167,-53.47101649051599,0.0,0.0,0.0,0.0,0.0,0.0,1
2012-02-22,5351,219.228754893617,38.8435085106383,42.26623,7.639208723404256,614.4852338366011,1,1718.4923500000016,1.0,OP,-0.913144094803288,-0.17011487950211002,0.4226623,0.06076436220523552,0.025682805087697914,-282.80671359241535,-58.57446287557929,0.0,0.0,0.0,0.0,0.0,0.0,1
2012-02-23,5351,219.08694104166668,38.60109104166666,43.739473333333336,7.427922083333334,584.3798884444442,1,1651.1849000000013,1.0,OP,-0.6922130416666666,-0.012718944444444465,0.43739473333333334,0.059083730298024655,0.025842912458043082,-303.5731048424153,-58.95603120891263,0.0,0.0,0.0,0.0,0.0,0.0,1
2012-02-24,5351,219.14407666666668,38.54810333333333,44.04675145833333,7.352305208333333,565.2810044444442,1,1651.1849000000013,1.0,OP,-0.7039543819444437,-0.006099229166666712,0.44046751458333333,0.058482252926781886,0.025759532593893488,-324.69173630074863,-59.13900808391263,0.0,0.0,0.0,0.0,0.0,0.0,1
2012-02-25,5351,219.17846291666663,38.45950791666667,44.536745,7.268017291666666,565.2810044444442,1,1644.9572500000008,1.0,OP,-0.7272184552710883,-0.0018751193875244118,0.44536745000000005,0.05781180371099247,0.025747495598665255,-346.5082899588813,-59.19526166553836,0.0,0.0,0.0,0.0,0.0,0.0,1
2012-02-26,5351,219.2853908333333,38.365854166666665,44.720204375,7.1859633333333335,621.4791255032677,1,1688.9524000000013,1.0,OP,-1.5100038333333345,-0.35959040277777776,0.44720204375,0.057159124012732036,0.02556167707745347,-391.8084049588813,-69.9829737488717,0.0,0.0,0.0,0.0,0.0,0.0,1
2012-02-27,5351,219.32126791666667,38.304970833333336,44.98081729166667,7.09635,616.6270338366011,1,1688.7416000000014,1.0,OP,-0.8514405000000002,-0.12957084027777768,0.4498081729166667,0.05644631497160682,0.025390013805257152,-417.3516199588813,-73.87009895720503,0.0,0.0,0.0,0.0,0.0,0.0,1
2012-02-28,5351,219.28021666666663,38.161945208333336,45.2254525,6.948964791666667,621.4791255032677,1,1689.1552500000016,1.0,OP,-1.25773563114316,-0.49516746335755807,0.452254525,0.0552739725854873,0.024997904216512584,-455.08368889317615,-88.72512285793178,0.0,0.0,0.0,0.0,0.0,0.0,1
2012-02-29,5351,219.487203125,38.163106875,45.19274,6.957768541666667,610.6982255032678,1,1689.1552500000016,1.0,OP,-1.7365710846242355,-1.4300829664369337,0.4519274,0.05534400002852933,0.025011470038493185,-507.1808214319032,-131.62761185103977,0.0,0.0,0.0,0.0,0.0,0.0,1
2012-03-01,5351,219.46939020833327,38.03548520833333,45.566915,6.8034825,788.705882169935,1,1915.5695000000012,1.0,OP,-0.659745263888891,-0.9798165763888889,0.45566915,0.054116766520650054,0.02465934100121307,-526.9731793485699,-161.02210914270643,0.0,0.0,0.0,0.0,0.0,0.0,3
2012-03-02,5351,219.1258083333333,37.69242416666667,46.44390166666667,6.476067708333333,796.689217939394,1,1973.954900000001,1.0,OP,-0.07082308333333269,-0.3501872847222221,0.4644390166666667,0.05151241943281198,0.023924377427496087,-529.0978718485699,-171.52772768437308,0.0,0.0,0.0,0.0,0.0,0.0,3
2012-03-03,5351,219.359759375,37.58521666666667,46.283098333333335,6.382586875,796.689217939394,1,1973.954900000001,1.0,OP,-0.1113731944444434,-0.3260070972222221,0.46283098333333333,0.050768847235535694,0.023497395488722768,-532.4390676819032,-181.30794060103975,0.0,0.0,0.0,0.0,0.0,0.0,3
2012-03-04,5351,219.191179375,37.34545395833333,48.00932083333333,6.150652083333333,798.2354139393939,1,1961.9845000000014,1.0,OP,-0.1396579652777774,-0.32644297222222224,0.48009320833333324,0.048923974265164906,0.02348806776938045,-536.6288066402366,-191.1012297677064,0.0,0.0,0.0,0.0,0.0,0.0,3
2012-03-05,5351,219.3229277083333,37.30598270833333,48.96177145833333,6.075564375,811.469713939394,1,2041.1247500000013,1.0,OP,-0.1772932430555566,-0.3238626041666668,0.4896177145833333,0.0483267060307797,0.02366161136013095,-541.9476039319032,-200.81710789270642,0.0,0.0,0.0,0.0,0.0,0.0,3
2012-03-06,5351,219.3127177083333,37.002915625,49.70982125,5.78842,816.564493939394,1,2124.2863500000017,1.0,OP,-0.1916632013888896,-0.3237689166666667,0.49709821249999997,0.04604268088636389,0.022887734367319404,-547.69749997357,-210.5301753927064,0.0,0.0,0.0,0.0,0.0,0.0,3
2012-03-07,5351,219.29984125,36.851351875,50.457676041666666,5.6322954166666666,815.748853939394,1,2228.155850000002,1.0,OP,-0.11692258333333427,-0.2704421527777778,0.5045767604166667,0.04480082311361533,0.022605454190668145,-551.20517747357,-218.64343997603976,0.0,0.0,0.0,0.0,0.0,0.0,3
2012-03-08,5351,219.452558125,36.86245395833333,50.46523083333334,5.629918333333333,815.748853939394,1,2228.155850000002,1.0,OP,-0.022543423611110332,-0.20078204861111124,0.5046523083333334,0.04478191514056622,0.022599296847274193,-551.8814801819033,-224.6669014343731,0.0,0.0,0.0,0.0,0.0,0.0,3
2012-03-09,5351,219.57706697479483,36.84544964467145,50.4561725,5.627159879001435,815.748853939394,1,2228.155850000002,1.0,OP,-0.02136469111794952,-0.1950656090665073,0.504561725,0.04475997363795527,0.022584169509721235,-552.5224209154418,-230.51886970636832,0.0,0.0,0.0,0.0,0.0,0.0,3
2012-03-10,5351,218.97486319965583,36.55606652443595,51.39925052083331,5.3883399703174,829.2147666666667,1,2244.764200000002,1.0,OP,-0.25238951418419997,-0.3049871960239351,0.5139925052083332,0.042860334557714104,0.022029890733386768,-560.0941063409678,-239.66848558708637,0.0,0.0,0.0,0.0,0.0,0.0,3
2012-03-11,5351,219.32533854166667,36.4729025,52.237246875,5.2595616666666665,815.0824583333332,1,2244.764200000002,1.0,OP,0.015660319444445275,-0.15928324305555536,0.52237246875,0.041835996596737195,0.021853972824854205,-559.6242967576344,-244.44698287875303,0.0,0.0,0.0,0.0,0.0,0.0,3
2012-03-12,5351,219.49505270833333,36.47005333333333,52.62950270833333,5.257038333333333,819.6584083333332,1,2253.0431000000017,1.0,OP,-0.007324236111111304,-0.16652298611111102,0.5262950270833333,0.041815925311060514,0.022007513544099237,-559.8440238409678,-249.44267246208636,0.0,0.0,0.0,0.0,0.0,0.0,3
2012-03-13,5351,222.22101265434608,37.271826838058495,47.900522083333335,6.252238291218217,798.2354139393939,1,1973.3239000000012,1.0,OP,0.08748878292264711,-0.13231018873138348,0.47900522083333336,0.04973201883554845,0.02382189666480938,-557.2193603532884,-253.41197812402788,0.0,0.0,0.0,0.0,0.0,0.0,3
2012-03-14,5351,219.44462041666668,36.11961479166666,51.6651975,5.4173277083333335,812.5001666666666,1,2259.788950000002,1.0,OP,0.00844827777777842,-0.14918138194444452,0.5166519749999999,0.04309091097944666,0.022263004262080298,-556.965912019955,-257.8874195823612,0.0,0.0,0.0,0.0,0.0,0.0,3
2012-03-15,5351,222.64367274185375,37.74255276530753,47.934423333333335,6.923264164055914,792.8205790505052,1,1955.0620000000008,1.0,OP,0.11836675111734772,-0.08317788698974908,0.47934423333333337,0.05506954274182338,0.026397267745596562,-553.4149094864346,-260.38275619205365,0.0,0.0,0.0,0.0,0.0,0.0,3
2012-03-16,5351,219.762759375,36.170261875,52.74601833333333,5.068982291666667,819.6584083333332,1,2290.958350000002,1.0,OP,0.02008175694444579,-0.12602180555555548,0.5274601833333333,0.04032007595748716,0.021267234656550105,-552.8124567781013,-264.1634103587203,0.0,0.0,0.0,0.0,0.0,0.0,3
2012-03-17,5351,219.52437916666668,36.014073333333336,54.728314375,4.765740625,839.3713558333333,1,2202.844800000002,1.0,OP,0.01191304861111367,-0.12158741666666657,0.54728314375,0.03790800853843629,0.020746414086217253,-552.4550653197679,-267.8110328587203,0.0,0.0,0.0,0.0,0.0,0.0,3
2012-03-18,5351,219.5595134042553,35.95979085106383,54.281170625,4.71734085106383,832.9680083333333,1,2202.844800000002,1.0,OP,0.005763564864066476,-0.11940433274231689,0.54281170625,0.03752302345678789,0.020367936386237805,-552.2821583738458,-271.3931628409898,0.0,0.0,0.0,0.0,0.0,0.0,3
2012-03-19,5351,219.5847195833333,35.81575229166667,57.5770775,4.577120416666666,833.7062558333332,1,2309.070150000002,1.0,OP,0.009965006944443643,-0.11578970833333292,0.5757707750000001,0.03640767164840219,0.020962473320946057,-551.9832081655126,-274.8668540909898,0.0,0.0,0.0,0.0,0.0,0.0,3
2012-03-20,5351,219.47895,35.663701458333335,59.06967229166667,4.411995416666667,845.9407433333332,1,2266.1119500000023,1.0,OP,0.011646111111110713,-0.11465275000000001,0.5906967229166667,0.035094222091984234,0.020730041983044775,-551.6338248321792,-278.30643659098985,0.0,0.0,0.0,0.0,0.0,0.0,3
2012-03-21,5351,219.708318125,35.67737458333333,59.782162291666666,4.443047291666667,847.9799433333333,1,2352.4426000000017,1.0,OP,0.025288152777777857,-0.107464513888889,0.5978216229166666,0.03534121722563872,0.021127743837681793,-550.8751802488459,-281.5303720076565,0.0,0.0,0.0,0.0,0.0,0.0,3
2012-03-22,5351,219.74838416666665,35.584585625,61.205689166666666,4.346846458333333,869.8061808333332,1,2352.4426000000017,1.0,OP,0.02420058333333278,-0.10875103472222207,0.6120568916666667,0.03457600940205837,0.02116248484086129,-550.1491627488459,-284.7929030493232,0.0,0.0,0.0,0.0,0.0,0.0,3
2012-03-23,5351,233.43053104166663,42.81770604166667,46.968935,11.477437083333331,1000.4946012087911,1,2379.1829999999995,1.0,OP,0.47339253826832056,0.13247325103427887,0.46968935,0.09129468369973769,0.04288014064538539,-535.9473866007963,-280.8187055182948,0.0,0.0,0.0,0.0,0.0,0.0,3
2012-03-24,5351,272.540993125,68.07829979166667,8.20783125,36.350044375,40.82058750000001,1,619.6928999999999,1.0,OP,1.7818017361111107,0.9825736250000001,0.0820783125,0.28913822655634724,0.023731977714987668,-482.49333451746304,-251.3414967682948,0.0,0.0,0.0,0.0,0.0,0.0,3
2012-03-25,5351,273.42994886363635,70.46136159090909,7.974704565217391,38.85318431818182,41.34948749999999,1,540.5392499999999,1.0,OP,1.8095290732323226,1.0637752752525254,0.07974704565217391,0.3090488884671677,0.02464573581734483,-428.2074623204934,-219.42823851071904,0.0,0.0,0.0,0.0,0.0,0.0,3
2012-03-26,5351,272.82933395833334,70.5962125,7.957581041666667,39.02280979166667,41.34948749999999,1,540.5392499999999,1.0,OP,1.7883623680555567,1.071223486111111,0.07957581041666667,0.3103981360245083,0.024700183225972984,-374.55659127882666,-187.29153392738573,0.0,0.0,0.0,0.0,0.0,0.0,3
2012-03-27,5351,253.8776164583333,58.87203291666667,24.545470833333333,27.268215625,1180.1943359346878,1,1013.3563500000001,1.0,OP,1.1530741875,0.6835392916666668,0.24545470833333333,0.21689886883854947,0.05323884858859608,-339.9643656538267,-166.78535517738572,0.0,0.0,0.0,0.0,0.0,0.0,3
2012-03-28,5351,220.6392777083333,36.127418125,58.87948291666667,4.823714791666666,841.6920433333331,1,2259.7326000000016,1.0,OP,0.043933659722221324,-0.0725850902777779,0.5887948291666667,0.038369150966851326,0.02259155768879727,-338.64635586216,-168.96290788571906,0.0,0.0,0.0,0.0,0.0,0.0,3
2012-03-29,5351,219.5303539583333,35.60314125,64.159964375,4.286665,889.7771641666662,1,2279.2064500000015,1.0,OP,0.00833790972222251,-0.08529346527777786,0.64159964375,0.03409730957009772,0.02187682167300816,-338.3962185704934,-171.5217118440524,0.0,0.0,0.0,0.0,0.0,0.0,3
2012-03-30,5351,219.234685625,35.134275833333334,73.16026729166667,3.8271410416666662,974.0765405303026,1,2395.0465000000017,1.0,OP,-0.008417250000000346,-0.1009610347222221,0.7316026729166667,0.030442129922943494,0.0222715436209019,-338.6487360704934,-174.55054288571904,0.0,0.0,0.0,0.0,0.0,0.0,3
2012-03-31,5351,219.04691354166667,34.813163958333334,88.128835625,3.4872454166666667,967.0056846969688,1,2437.685950000002,1.0,OP,-0.014082555555553237,-0.1074107083333331,0.8812883562499999,0.027738506862324847,0.024445623117527605,-339.07121273715995,-177.77286413571903,0.0,0.0,0.0,0.0,0.0,0.0,3
2012-01-01,5599,1.0,39.23123145833333,69.31292958333333,7.906784375,1160.4478967045784,1,3907.844449999998,1.0,OP,0.0,0.0,0.6931292958333333,0.06289273235449623,0.04359279528990627,0.0,0.0,0.0,0.0,0.0,0.0,0.0,0.0,2
2012-01-02,5599,1.0,40.00884617728448,65.712908125,8.726262937019888,1242.9615100790877,1,3842.7084499999987,1.0,OP,0.0,0.0,0.65712908125,0.06941108968245413,0.04561204559159244,0.0,0.0,0.0,0.0,0.0,0.0,0.0,0.0,2
2012-01-14,5599,1.0,60.50005206578218,5.33512125,29.471925807089107,25.4481,1,667.4705999999996,1.0,OP,0.0,0.0,0.0533512125,0.23442778427315158,0.012507006534661068,0.0,0.0,0.0,0.0,0.0,0.0,0.0,0.0,2
2012-01-15,5599,1.0,37.46430541666667,71.03924604166667,6.00324625,1012.3764787140694,1,3108.2610000000004,1.0,OP,0.0,0.0,0.7103924604166667,0.04775146782213638,0.03392228271467475,0.0,0.0,0.0,0.0,0.0,0.0,0.0,0.0,2
2012-01-16,5599,1.0,39.59216895833333,67.15652666666666,8.021808125,1105.8474204545787,1,3892.7510999999986,1.0,OP,0.0,0.0,0.6715652666666666,0.06380766282180905,0.04285101009830494,0.0,0.0,0.0,0.0,0.0,0.0,0.0,0.0,2
2012-01-17,5599,1.0,41.18371729166667,61.30554875,9.574719583333334,1232.715029869575,1,3711.243699999998,1.0,OP,0.0,0.0,0.6130554875,0.07615994664378806,0.04669027321768148,0.0,0.0,0.0,0.0,0.0,0.0,0.0,0.0,2
2012-01-18,5599,1.0,40.95105354166667,62.39624375,9.329521875,1272.8049489893438,1,3696.9803499999985,1.0,OP,0.0,0.0,0.6239624374999999,0.07420957679521807,0.0463039884229877,0.0,0.0,0.0,0.0,0.0,0.0,0.0,0.0,2
2012-01-19,5599,1.0,40.702178125,62.848496875,9.05631625,1226.4372350790875,1,3660.633249999999,1.0,OP,0.0,0.0,0.62848496875,0.07203642429276756,0.045273809870501766,0.0,0.0,0.0,0.0,0.0,0.0,0.0,0.0,2
2012-01-20,5599,1.0,40.55508770833333,62.89470625,8.914133958333334,1107.9904542368167,1,3667.768149999999,1.0,OP,0.0,0.0,0.6289470625,0.07090546733337275,0.044595785394514496,0.0,0.0,0.0,0.0,0.0,0.0,0.0,0.0,2
2012-01-21,5599,1.0,41.5414059772296,34.16807395833333,9.984077229601516,740.9590746825396,1,1697.4418000000005,1.0,OP,0.0,0.0,0.3416807395833333,0.07941608968031943,0.027134948256787868,0.0,0.0,0.0,0.0,0.0,0.0,0.0,0.0,2
2012-01-22,5599,1.0,39.58177328716536,45.186390625,7.097980694921118,720.5152886111111,1,1827.1119500000013,1.0,OP,0.0,0.0,0.45186390625,0.05645928596643374,0.025511913500878555,0.0,0.0,0.0,0.0,0.0,0.0,0.0,0.0,2
2012-01-23,5599,1.0,39.64403020833333,66.81039125,7.0952775,1026.4379955447657,1,3812.4378999999985,1.0,OP,0.0,0.0,0.6681039124999999,0.05643778401233803,0.03770630431147298,0.0,0.0,0.0,0.0,0.0,0.0,0.0,0.0,2
2012-01-24,5599,1.0,39.92874854166666,67.219001875,7.382653125,1080.9444264538567,1,3860.6117499999987,1.0,OP,0.0,0.0,0.6721900187500001,0.05872364858270342,0.03947345044187582,0.0,0.0,0.0,0.0,0.0,0.0,0.0,0.0,2
2012-01-25,5599,1.0,40.932040233715405,45.71291791666667,8.480646354081316,783.6226071825395,1,1950.2683000000004,1.0,OP,0.0,0.0,0.4571291791666667,0.06745738799034474,0.03083674040075365,0.0,0.0,0.0,0.0,0.0,0.0,0.0,0.0,2
2012-01-27,5599,1.0,49.2112,39.60946520833333,4.40919,822.7651736111112,1,1648.0976500000013,1.0,OP,0.0,0.0,0.39609465208333333,0.03507190703807719,0.013891794816146193,0.0,0.0,0.0,0.0,0.0,0.0,0.0,0.0,2
2012-01-28,5599,1.0,37.54353666666667,80.592008125,6.838441875,1201.9992859583429,1,3901.092249999999,1.0,OP,0.0,0.0,0.80592008125,0.054394842981430665,0.04383789627517559,0.0,0.0,0.0,0.0,0.0,0.0,0.0,0.0,2
2012-01-29,5599,1.0,35.695555,99.80073520833334,6.099504791666667,1423.9568883736383,1,3867.939699999998,1.0,OP,0.0,0.0,0.9980073520833334,0.04851713467363387,0.04842045710630381,0.0,0.0,0.0,0.0,0.0,0.0,0.0,0.0,2
2012-01-30,5599,1.0,35.90853083333333,99.94769395833332,6.300804791666667,1719.7269323891053,1,3866.9956999999977,1.0,OP,0.0,0.0,0.9994769395833332,0.05011833010562136,0.05009211519099367,0.0,0.0,0.0,0.0,0.0,0.0,0.0,0.0,2
2012-01-31,5599,1.0,36.082203125,100.0,6.187336875,1642.6468732554695,1,3866.8868999999977,1.0,OP,0.0,0.0,1.0,0.04921577516352596,0.04921577516352596,0.0,0.0,0.0,0.0,0.0,0.0,0.0,0.0,2
2012-02-01,5599,1.0,35.530818958333334,100.0,6.110364583333333,1437.963049385782,1,3191.73415,1.0,OP,0.0,0.0,1.0,0.04860351643622206,0.04860351643622206,0.0,0.0,0.0,0.0,0.0,0.0,0.0,0.0,1
2012-02-02,5599,1.0,35.13821895833333,100.0,6.1109816666666665,1437.963049385782,1,3191.73415,1.0,OP,0.0,0.0,1.0,0.04860842488636855,0.04860842488636855,0.0,0.0,0.0,0.0,0.0,0.0,0.0,0.0,1
2012-02-03,5599,1.0,35.163474791666665,100.0,6.135199583333334,1449.359355219115,1,3190.6813500000003,1.0,OP,0.0,0.0,1.0,0.0488010608403622,0.0488010608403622,0.0,0.0,0.0,0.0,0.0,0.0,0.0,0.0,1
2012-02-04,5599,1.0,35.48385145833333,100.0,6.2987270833333335,1649.7524352462478,1,3178.0063,1.0,OP,0.0,0.0,1.0,0.05010180344346371,0.05010180344346371,0.0,0.0,0.0,0.0,0.0,0.0,0.0,0.0,1
2012-02-05,5599,1.0,35.814277708333336,100.0,5.689596458333333,1268.5284284496993,1,3128.8907499999996,1.0,OP,0.0,0.0,1.0,0.0452566113210907,0.0452566113210907,0.0,0.0,0.0,0.0,0.0,0.0,0.0,0.0,1
2012-02-06,5599,1.0,36.133779583333336,100.0,5.156597708333333,980.9771629843311,1,2888.0985499999997,1.0,OP,0.0,0.0,1.0,0.041016993021264346,0.041016993021264346,0.0,0.0,0.0,0.0,0.0,0.0,0.0,0.0,1
2012-02-07,5599,1.0,36.511931875,100.0,5.559567708333334,989.9709308631192,1,3055.87805,1.0,OP,0.0,0.0,1.0,0.04422232696675864,0.04422232696675864,0.0,0.0,0.0,0.0,0.0,0.0,0.0,0.0,1
2012-02-08,5599,1.0,35.95323604166666,100.0,6.046405,1327.4710488065386,1,3191.73415,1.0,OP,0.0,0.0,1.0,0.04809476436138273,0.04809476436138273,0.0,0.0,0.0,0.0,0.0,0.0,0.0,0.0,1
2012-02-09,5599,1.0,35.74892597274311,73.70812625,6.7506516318213095,1059.2151465728205,1,3225.6456999999996,1.0,OP,0.0,0.0,0.7370812625000001,0.05369653529960856,0.03957871003051129,0.0,0.0,0.0,0.0,0.0,0.0,0.0,0.0,1
2012-02-10,5599,1.0,39.39768435349941,100.0,10.407934863582444,2118.249726884218,1,3457.8244999999997,1.0,OP,0.0,0.0,1.0,0.08278756959757372,0.08278756959757372,0.0,0.0,0.0,0.0,0.0,0.0,0.0,0.0,1
2012-02-11,5599,1.0,34.85626875,99.8014875,5.73992125,1279.593795116366,1,3154.6934499999998,1.0,OP,0.0,0.0,0.998014875,0.04565690852194708,0.04556627385141745,0.0,0.0,0.0,0.0,0.0,0.0,0.0,0.0,1
2012-02-12,5599,1.0,34.529890208333335,99.841125,5.523219166666666,978.4727309571914,1,3128.1805000000004,1.0,OP,0.0,-0.15671137499999996,0.9984112500000001,0.04393320069315668,0.043863401820555425,0.0,-4.701341249999999,0.0,0.0,0.0,0.0,0.0,0.0,1
2012-02-13,5599,1.0,34.692405,99.98682958333332,5.657356666666667,1232.3498707100252,1,3177.2482,1.0,OP,0.0,-0.1772147059094827,0.9998682958333331,0.04500016717233315,0.044994240462815846,0.0,-10.01778242728448,0.0,0.0,0.0,0.0,0.0,0.0,1
2012-02-14,5599,1.0,34.699345625,100.0,5.6655925,1373.7015992814536,1,3197.97165,1.0,OP,0.0,-0.8600235480260726,1.0,0.04506567725038552,0.04506567725038552,0.0,-35.81848886806666,0.0,0.0,0.0,0.0,0.0,0.0,1
2012-02-15,5599,1.0,34.75739083333333,100.0,5.7198947916666665,1403.0879964243106,1,3203.5651000000003,1.0,OP,0.0,-0.09023048611111122,1.0,0.04549761257757439,0.04549761257757439,0.0,-38.525403451399995,0.0,0.0,0.0,0.0,0.0,0.0,1
2012-02-16,5599,1.0,34.70779354166667,100.0,5.667757708333333,1373.4458392814538,1,3202.3481,1.0,OP,0.0,-0.16281251388888882,1.0,0.04508289991155112,0.04508289991155112,0.0,-43.40977886806666,0.0,0.0,0.0,0.0,0.0,0.0,1
2012-02-17,5599,1.0,34.84601625,100.0,5.747750625,1428.9952964243103,1,3228.1508000000003,1.0,OP,0.0,-0.21125670138888897,1.0,0.045719185518893514,0.045719185518893514,0.0,-49.74747990973333,0.0,0.0,0.0,0.0,0.0,0.0,1
2012-02-18,5599,1.0,34.87771479166667,100.0,5.8123241666666665,1437.562329757644,1,3228.1508000000003,1.0,OP,0.0,-0.20244462499999993,1.0,0.046232821186771904,0.046232821186771904,0.0,-55.82081865973333,0.0,0.0,0.0,0.0,0.0,0.0,1
2012-02-19,5599,1.0,34.7825375,100.0,5.732144791666666,1403.776196424311,1,3228.1508000000003,1.0,OP,0.0,-0.19732135416666688,1.0,0.0455950524386864,0.0455950524386864,0.0,-61.74045928473333,0.0,0.0,0.0,0.0,0.0,0.0,1
2012-02-20,5599,1.0,34.96453708333333,100.0,5.923150416666667,1458.8297556835698,1,3228.1508000000003,1.0,OP,0.0,-0.18635168749999995,1.0,0.047114363587389414,0.047114363587389414,0.0,-67.33100990973333,0.0,0.0,0.0,0.0,0.0,0.0,1
2012-02-21,5599,1.0,34.78564895833333,100.0,5.715788333333333,1406.0882964243108,1,3202.3481,1.0,OP,0.0,-0.22519190062987562,1.0,0.04546494868127543,0.04546494868127543,0.0,-74.0867669286296,0.0,0.0,0.0,0.0,0.0,0.0,1
2012-02-22,5599,1.0,34.95694604166667,100.0,5.8214620833333335,1437.562329757644,1,3228.1508000000003,1.0,OP,0.0,-0.15416090818328979,1.0,0.046305506683168074,0.046305506683168074,0.0,-78.7115941741283,0.0,0.0,0.0,0.0,0.0,0.0,1
2012-02-23,5599,1.0,34.817055625,100.0,5.678547916666667,1384.039596424311,1,3202.3481,1.0,OP,0.0,-0.1608991527777775,1.0,0.04516872818921395,0.04516872818921395,0.0,-83.53856875746162,0.0,0.0,0.0,0.0,0.0,0.0,1
2012-02-24,5599,1.0,34.67206875,100.0,5.540478541666666,1032.2708366948737,1,3128.1805000000004,1.0,OP,0.0,-0.17522265972222187,1.0,0.044070486497473416,0.044070486497473416,0.0,-88.79524854912827,0.0,0.0,0.0,0.0,0.0,0.0,1
2012-02-25,5599,1.0,34.60431625,100.0,5.472522708333333,969.3586416714771,1,3128.1805000000004,1.0,OP,0.0,-0.2109241327905136,1.0,0.04352994715365704,0.04352994715365704,0.0,-95.12297253284368,0.0,0.0,0.0,0.0,0.0,0.0,1
2012-02-26,5599,1.0,34.820765208333334,100.0,5.706979375,1404.8122964243105,1,3200.03055,1.0,OP,0.0,-0.47968115972222214,1.0,0.04539487980972103,0.04539487980972103,0.0,-109.51340732451034,0.0,0.0,0.0,0.0,0.0,0.0,1
2012-02-27,5599,1.0,34.86819270833333,100.0,5.739006041666666,1425.99499642431,1,3229.3678000000004,1.0,OP,0.0,-0.08917813194444453,1.0,0.04564962870375209,0.04564962870375209,0.0,-112.18875128284367,0.0,0.0,0.0,0.0,0.0,0.0,1
2012-02-28,5599,1.0,34.685986875,100.0,5.561188333333333,973.9811372367454,1,3128.1805000000004,1.0,OP,0.0,-0.03365227083333337,1.0,0.04423521786267003,0.04423521786267003,0.0,-113.19831940784367,0.0,0.0,0.0,0.0,0.0,0.0,1
2012-02-29,5599,1.0,34.623266875,100.0,5.5053020833333335,916.0331266714772,1,3128.1805000000004,1.0,OP,0.0,-0.04284213194444438,1.0,0.04379068329629691,0.04379068329629691,0.0,-114.483583366177,0.0,0.0,0.0,0.0,0.0,0.0,1
2012-03-01,5599,1.0,35.017968125,100.0,5.40913625,959.009014468964,1,3726.7788499999983,1.0,OP,0.0,-0.03547449999999988,1.0,0.043025753872319744,0.043025753872319744,0.0,-115.547818366177,0.0,0.0,0.0,0.0,0.0,0.0,3
2012-03-02,5599,1.0,34.777142291666664,100.0,5.5873735416666666,1062.6882356458364,1,3784.529949999998,1.0,OP,0.0,-0.025122555555555693,1.0,0.04444350219435893,0.04444350219435893,0.0,-116.30149503284366,0.0,0.0,0.0,0.0,0.0,0.0,3
2012-03-03,5599,1.0,34.96558541666667,100.0,5.87513,1363.4744582609064,1,3883.789199999998,1.0,OP,0.0,-0.005754451388888763,1.0,0.04673239601754936,0.04673239601754936,0.0,-116.47412857451033,0.0,0.0,0.0,0.0,0.0,0.0,3
2012-03-04,5599,1.0,34.890455,100.0,5.786783541666667,1402.5126417855292,1,3883.659399999998,1.0,OP,0.0,-0.009100659722222086,1.0,0.04602966404777486,0.04602966404777486,0.0,-116.74714836617699,0.0,0.0,0.0,0.0,0.0,0.0,3
2012-03-05,5599,1.0,34.65217625,100.0,5.53928375,1021.0674356458362,1,3784.529949999998,1.0,OP,0.0,-0.027722506944444565,1.0,0.04406098279673401,0.04406098279673401,0.0,-117.57882357451032,0.0,0.0,0.0,0.0,0.0,0.0,3
2012-03-06,5599,1.0,34.88872729166667,100.0,5.78516875,1434.0141253752727,1,3883.345349999998,1.0,OP,0.0,-0.03085168055555556,1.0,0.046016819551797324,0.046016819551797324,0.0,-118.50437399117699,0.0,0.0,0.0,0.0,0.0,0.0,3
2012-03-07,5599,1.0,34.78380479166667,100.0,5.657062916666667,1222.6806979943208,1,3831.225749999998,1.0,OP,0.0,-0.04499915972222226,1.0,0.04499783060423505,0.04499783060423505,0.0,-119.85434878284366,0.0,0.0,0.0,0.0,0.0,0.0,3
2012-03-08,5599,1.0,34.77898604166667,100.0,5.659201666666666,1217.4190979943207,1,3831.225749999998,1.0,OP,0.0,-0.05776486111111107,1.0,0.04501484280855777,0.04501484280855777,0.0,-121.58729461617699,0.0,0.0,0.0,0.0,0.0,0.0,3
2012-03-09,5599,1.0,34.88543165606463,99.98759791666669,5.7722026313536805,1432.6839253752728,1,3883.345349999998,1.0,OP,0.0,-0.0355934795200677,0.9998759791666668,0.04591368348648637,0.04590798923319898,0.0,-122.65509900177902,0.0,0.0,0.0,0.0,0.0,0.0,3
2012-03-10,5599,1.0,34.45522136367166,99.86995458333334,5.44804704271551,960.7299778835982,1,3784.529949999998,1.0,OP,0.0,-0.04312348696904825,0.9986995458333334,0.043335260993785645,0.04327890547306269,0.0,-123.94880361085046,0.0,0.0,0.0,0.0,0.0,0.0,3
2012-03-11,5599,1.0,34.476639166666665,100.0,5.376682708333333,996.5002423261067,1,3604.275399999998,1.0,OP,0.0,-0.1640348395610914,1.0,0.04276760949741421,0.04276760949741421,0.0,-128.8698487976832,0.0,0.0,0.0,0.0,0.0,0.0,3
2012-03-12,5599,1.0,34.46901375,100.0,5.369312291666667,979.7756521693127,1,3604.5894499999977,1.0,OP,0.0,-0.012908499999999871,1.0,0.04270898318097849,0.04270898318097849,0.0,-129.25710379768321,0.0,0.0,0.0,0.0,0.0,0.0,3
2012-03-13,5599,1.0,34.4124902111253,83.38775479166667,5.716004135925747,1191.8134276707042,1,3918.6684499999974,1.0,OP,0.0,-0.003913333240267746,0.8338775479166667,0.04546666523430665,0.03791363131753159,0.0,-129.37450379489124,0.0,0.0,0.0,0.0,0.0,0.0,3
2012-03-14,5599,1.0,34.30423520833333,99.7778525,5.488515208333333,992.9477547667152,1,3784.8439999999973,1.0,OP,0.0,-0.012938993055555651,0.997778525,0.04365715588662306,0.04356017260624982,0.0,-129.76267358655792,0.0,0.0,0.0,0.0,0.0,0.0,3
2012-03-15,5599,1.0,36.61985955121696,90.45072145833332,7.731198705289311,1886.9721396164737,1,3777.876649999998,1.0,OP,0.0,0.06401713087389875,0.9045072145833332,0.06149607576103762,0.05562364419442177,0.0,-127.84215966034097,0.0,0.0,0.0,0.0,0.0,0.0,3
2012-03-16,5599,1.0,34.42226125,99.852888125,5.581638541666667,1038.5746837410743,1,3784.8439999999973,1.0,OP,0.0,-0.01117098611111113,0.99852888125,0.04439788443080976,0.04433256987056327,0.0,-128.1772892436743,0.0,0.0,0.0,0.0,0.0,0.0,3
2012-03-17,5599,1.0,34.410181875,99.96306125,5.5362945833333335,1014.5463634846642,1,3784.8439999999973,1.0,OP,0.0,-0.009920388888888946,0.9996306125,0.04403720614491028,0.044020939351425425,0.0,-128.47490091034098,0.0,0.0,0.0,0.0,0.0,0.0,3
2012-03-18,5599,1.0,34.37903680851064,97.91463645833332,5.510475319148936,977.6626521693127,1,3785.6167999999975,1.0,OP,0.0,-0.015565981382978577,0.9791463645833332,0.043831832633388496,0.04291777957600745,0.0,-128.94188035183032,0.0,0.0,0.0,0.0,0.0,0.0,3
2012-03-19,5599,1.0,34.639865,100.0,5.779760625,1402.5126417855292,1,3883.659399999998,1.0,OP,0.0,-0.007928326388888962,1.0,0.04597380184168496,0.04597380184168496,0.0,-129.17973014349698,0.0,0.0,0.0,0.0,0.0,0.0,3
2012-03-20,5599,1.0,34.638239375,100.0,5.782110833333333,1391.5826623349803,1,3883.789199999998,1.0,OP,0.0,-0.004809937499999961,1.0,0.04599249604361021,0.04599249604361021,0.0,-129.324028268497,0.0,0.0,0.0,0.0,0.0,0.0,3
2012-03-21,5599,1.0,34.595502083333336,100.0,5.747080833333333,1399.891168708606,1,3883.659399999998,1.0,OP,0.0,-0.012301166666666556,1.0,0.045713857812201754,0.045713857812201754,0.0,-129.69306326849699,0.0,0.0,0.0,0.0,0.0,0.0,3
2012-03-22,5599,1.0,34.46030625,100.0,5.613768333333334,1065.6151515982172,1,3780.3353999999977,1.0,OP,0.0,-0.010844756944444357,1.0,0.0446534536093859,0.0446534536093859,0.0,-130.0184059768303,0.0,0.0,0.0,0.0,0.0,0.0,3
2012-03-23,5599,1.0,34.804233125,99.84341666666668,5.401118125,1019.1880035795692,1,3604.7192499999983,1.0,OP,0.0,-0.005090430555555514,0.9984341666666668,0.04296197550608474,0.04289470421277147,0.0,-130.17111889349698,0.0,0.0,0.0,0.0,0.0,0.0,3
2012-03-24,5599,1.0,36.05176375,90.30597458333334,5.361778958333334,1165.7596084980464,1,3643.9502999999972,1.0,OP,0.0,0.041156937499999914,0.9030597458333334,0.0426490609806756,0.038514650169239245,0.0,-128.93641076849698,0.0,0.0,0.0,0.0,0.0,0.0,3
2012-03-25,5599,1.0,36.492382954545455,87.29329869565217,5.626192727272727,1092.5821733086532,1,3794.5087999999964,1.0,OP,0.0,0.06067714015151514,0.8729329869565217,0.044752280647741435,0.039065742018949474,0.0,-127.11609656395153,0.0,0.0,0.0,0.0,0.0,0.0,3
2012-03-26,5599,1.0,36.45741229166666,89.16941104166666,5.42909125,1107.4065566419868,1,3759.063099999997,1.0,OP,0.0,0.06176986805555534,0.8916941104166667,0.0431844814175026,0.038507347741385055,0.0,-125.26300052228487,0.0,0.0,0.0,0.0,0.0,0.0,3
2012-03-27,5599,1.0,35.861508125,92.28502166666668,5.466556041666666,1033.844302428776,1,3817.031099999997,1.0,OP,0.0,0.034691430555555534,0.9228502166666668,0.04348248664987731,0.040127822226044725,0.0,-124.22225760561821,0.0,0.0,0.0,0.0,0.0,0.0,3
2012-03-28,5599,1.0,34.513674791666666,100.0,5.637350208333333,1085.9958915982172,1,3780.3353999999977,1.0,OP,0.0,-0.011817263888888855,1.0,0.044841030313447994,0.044841030313447994,0.0,-124.57677552228488,0.0,0.0,0.0,0.0,0.0,0.0,3
2012-03-29,5599,1.0,34.492554166666665,99.94436958333333,5.614429375,1070.6728690341147,1,3780.4651999999974,1.0,OP,0.0,-0.0064477569444444304,0.9994436958333333,0.04465871171617686,0.04463386788877118,0.0,-124.77020823061821,0.0,0.0,0.0,0.0,0.0,0.0,3
2012-03-30,5599,1.0,34.466074375,100.0,5.5912625,1070.4544190341146,1,3784.973799999998,1.0,OP,0.0,-0.005239750000000025,1.0,0.044474436035981,0.044474436035981,0.0,-124.92740073061822,0.0,0.0,0.0,0.0,0.0,0.0,3
2012-03-31,5599,1.0,34.49926083333333,100.0,5.62719375,1082.0097915982174,1,3780.3353999999977,1.0,OP,0.0,-0.01729024305555574,1.0,0.044760243057171266,0.044760243057171266,0.0,-125.44610802228489,0.0,0.0,0.0,0.0,0.0,0.0,3
